test group,users,conversions,conversion_rate,avg_ads_seen,median_ads_seen
ad,564577,14423,0.025546559636683747,24.823365103431417,13.0
psa,23524,420,0.01785410644448223,24.761137561639178,12.0
